κεριά,ΕΙΔΗ ΣΠΙΤΙΟΥ
μεμβράνη/σακούλες φαγητού,ΕΙΔΗ ΣΠΙΤΙΟΥ
πιάτα,ΕΙΔΗ ΣΠΙΤΙΟΥ
πετσέτες κουζίνας,ΕΙΔΗ ΣΠΙΤΙΟΥ
κουζινικά,ΕΙΔΗ ΣΠΙΤΙΟΥ
μαγειρικά σκεύη,ΕΙΔΗ ΣΠΙΤΙΟΥ
αφαλατωτής,ΕΙΔΗ ΣΠΙΤΙΟΥ
φωτογραφία/ταινία,ΕΠΙΣΚΕΥΕΣ
λάμπες,ΕΠΙΣΚΕΥΕΣ
προϊόντα συντήρησης,ΕΠΙΣΚΕΥΕΣ
φροντίδα δέρματος,ΚΑΛΛΥΝΤΙΚΑ
ανδρικά καλλυντικά,ΚΑΛΛΥΝΤΙΚΑ
καλλυντικά για μωρά,ΚΑΛΛΥΝΤΙΚΑ
αφαίρεση μακιγιάζ,ΚΑΛΛΥΝΤΙΚΑ
σπρέι μαλλιών,ΚΑΛΛΥΝΤΙΚΑ
τσάντες,ΡΟΥΧΑ
ρούχα,ΡΟΥΧΑ
καθαριστικό τουαλέτας,ΚΑΘΑΡΙΣΤΙΚΑ
καθαριστικό,ΚΑΘΑΡΙΣΤΙΚΑ
καθαριστικό μπάνιου,ΚΑΘΑΡΙΣΤΙΚΑ
διαβρωτικό/καθαριστικό,ΚΑΘΑΡΙΣΤΙΚΑ
καθαριστικό πιάτων,ΚΑΘΑΡΙΟΤΗΤΑ
υγρό,ΚΑΘΑΡΙΟΤΗΤΑ
απορρυπαντικό,ΚΑΘΑΡΙΟΤΗΤΑ
μαλακτικό,ΚΑΘΑΡΙΟΤΗΤΑ
προϊόντα οικιακής χρήσης,ΚΑΘΑΡΙΟΤΗΤΑ
χαρτοπετσέτες,ΧΑΡΤΙΚΑ
προιόντα υγιεινής,ΥΓΙΕΙΝΗ
οδοντιατρική φροντίδα,ΥΓΙΕΙΝΗ
οινόπνευμα,ΥΓΙΕΙΝΗ
σαπούνι,ΥΓΙΕΙΝΗ
γυναικεία είδη υγιεινής,ΥΓΙΕΙΝΗ
βιολογικά προϊόντα,ΒΙΟΛΟΓΙΚΑ
βιολογικό λουκάνικο,ΒΙΟΛΟΓΙΚΑ
έτοιμα προϊόντα διατροφής,ΒΙΟΛΟΓΙΚΑ
ουίσκι,ΑΛΚΟΟΛΟΥΧΑ
λικέρ,ΑΛΚΟΟΛΟΥΧΑ
κρασί prosecco,ΑΛΚΟΟΛΟΥΧΑ
ρούμι,ΑΛΚΟΟΛΟΥΧΑ
κονιάκ,ΑΛΚΟΟΛΟΥΧΑ
εμφιαλωμένη μπύρα,ΑΛΚΟΟΛΟΥΧΑ
κονσερβοποιημένη μπύρα,ΑΛΚΟΟΛΟΥΧΑ
αφρώδες κρασί,ΑΛΚΟΟΛΟΥΧΑ
λικέρ (ορεκτικό),ΑΛΚΟΟΛΟΥΧΑ
κόκκινο/ροζέ κρασί,ΑΛΚΟΟΛΟΥΧΑ
λευκό κρασί,ΑΛΚΟΟΛΟΥΧΑ
ποτά ντελικατέσεν,ΑΛΚΟΟΛΟΥΧΑ
διάφορα ποτά,ΑΛΚΟΟΛΟΥΧΑ
ποτά,ΑΛΚΟΟΛΟΥΧΑ
σόδα,ΜΗ-ΑΛΚΟΟΛΟΥΧΑ ΠΟΤΑ
καφές,ΜΗ-ΑΛΚΟΟΛΟΥΧΑ ΠΟΤΑ
χυμός φρούτων/λαχανικών,ΜΗ-ΑΛΚΟΟΛΟΥΧΑ ΠΟΤΑ
στιγμιαίος καφές,ΜΗ-ΑΛΚΟΟΛΟΥΧΑ ΠΟΤΑ
ποτά κακάου,ΜΗ-ΑΛΚΟΟΛΟΥΧΑ ΠΟΤΑ
τσάι,ΜΗ-ΑΛΚΟΟΛΟΥΧΑ ΠΟΤΑ
εμφιαλωμένο νερό,ΜΗ-ΑΛΚΟΟΛΟΥΧΑ ΠΟΤΑ
σταφύλια,ΦΡΟΥΤΑ & ΛΑΧΑΝΙΚΑ
κρεμμύδια,ΦΡΟΥΤΑ & ΛΑΧΑΝΙΚΑ
μούρα,ΦΡΟΥΤΑ & ΛΑΧΑΝΙΚΑ
φρούτα με κουκούτσι,ΦΡΟΥΤΑ & ΛΑΧΑΝΙΚΑ
εσπεριδοειδή,ΦΡΟΥΤΑ & ΛΑΧΑΝΙΚΑ
τροπικά φρούτα,ΦΡΟΥΤΑ & ΛΑΧΑΝΙΚΑ
ριζώδη λαχανικά,ΦΡΟΥΤΑ & ΛΑΧΑΝΙΚΑ
άλλα λαχανικά,ΦΡΟΥΤΑ & ΛΑΧΑΝΙΚΑ
λαχανικά ντελικατέσεν,ΦΡΟΥΤΑ & ΛΑΧΑΝΙΚΑ
κατεψυγμένα φρούτα,ΦΡΟΥΤΑ & ΛΑΧΑΝΙΚΑ
κατεψυγμένα ψάρια,ΚΑΤΕΨΥΓΜΕΝΑ
κατεψυγμένα λαχανικά,ΚΑΤΕΨΥΓΜΕΝΑ
κατεψυγμένα γεύματα,ΚΑΤΕΨΥΓΜΕΝΑ
κατεψυγμένα προϊόντα πατάτας,ΚΑΤΕΨΥΓΜΕΝΑ
κατεψυγμένο κοτόπουλο,ΚΑΤΕΨΥΓΜΕΝΑ
σάλτσα σαλάτας,ΑΛΟΙΦΕΣ & ΣΑΛΤΣΕΣ
μαγιονέζα,ΑΛΟΙΦΕΣ & ΣΑΛΤΣΕΣ
μουστάρδα,ΑΛΟΙΦΕΣ & ΣΑΛΤΣΕΣ
κέτσαπ,ΑΛΟΙΦΕΣ & ΣΑΛΤΣΕΣ
σάλτσες,ΑΛΟΙΦΕΣ & ΣΑΛΤΣΕΣ
κρέας για άλειμμα,ΑΛΟΙΦΕΣ & ΣΑΛΤΣΕΣ
μαρμελάδα,ΓΛΥΚΕΣ ΑΛΟΙΦΕΣ
μέλι,ΓΛΥΚΕΣ ΑΛΟΙΦΕΣ
έτοιμες σούπες,ΚΟΝΣΕΡΒΕΣ
φρούτα σε κονσέρβα,ΚΟΝΣΕΡΒΕΣ
σούπες,ΚΟΝΣΕΡΒΕΣ
κονσερβοποιημένα λαχανικά,ΚΟΝΣΕΡΒΕΣ
κονσερβοποιημένο ψάρι,ΚΟΝΣΕΡΒΕΣ
συσκευασμένα φρούτα/λαχανικά,ΚΟΝΣΕΡΒΕΣ
λαχανικά τουρσί,ΚΟΝΣΕΡΒΕΣ
σοκολάτα υγείας,ΓΛΥΚΑ
γλυκά για άλειμμα,ΓΛΥΚΑ
παγωμένο επιδόρπιο,ΓΛΥΚΑ
παγωτό,ΓΛΥΚΑ
σοκολάτα ντελικατέσεν,ΓΛΥΚΑ
βάφλες,ΓΛΥΚΑ
επιδόρπιο,ΓΛΥΚΑ
σοκολάτα,ΓΛΥΚΑ
σιρόπι,ΑΡΤΟΠΟΙΙΑ
καραμέλα,ΑΡΤΟΠΟΙΙΑ
σοκολάτα κουβερτούρα,ΑΡΤΟΠΟΙΙΑ
τεχνητή γλυκαντική ουσία,ΑΡΤΟΠΟΙΙΑ
πουτίγκα σε σκόνη,ΑΡΤΟΠΟΙΙΑ
σαντιγί,ΑΡΤΟΠΟΙΙΑ
ζύμη,ΑΡΤΟΠΟΙΙΑ
μπέικιν πάουντερ,ΑΡΤΟΠΟΙΙΑ
αλεύρι,ΑΡΤΟΠΟΙΙΑ
ζάχαρη,ΑΡΤΟΠΟΙΙΑ
μαργαρίνη,ΑΡΤΟΠΟΙΙΑ
προϊόν αρτοποιίας μακράς διαρκείας,ΑΡΤΟΠΟΙΙΑ
σνακ,ΣΝΑΚ
αλμυρό σνακ,ΣΝΑΚ
μεζέδες,ΣΝΑΚ
προϊόντα πατάτας,ΣΝΑΚ
προϊόντα σνακ,ΣΝΑΚ
ξηροί καρποί,ΣΝΑΚ
ποπ κορν,ΣΝΑΚ
βότανα,ΜΠΑΧΑΡΙΚΑ
μπαχαρικά,ΜΠΑΧΑΡΙΚΑ
αλάτι,ΜΠΑΧΑΡΙΚΑ
παξιμάδι,ΨΩΜΙΑ
άσπρο ψωμί,ΨΩΜΙΑ
ρολά/ψωμάκια,ΨΩΜΙΑ
μαύρο ψωμί,ΨΩΜΙΑ
ημιψημένο ψωμί,ΨΩΜΙΑ
γλάστρες,ΚΗΠΟΣ
λίπασμα για λουλούδια,ΚΗΠΟΣ
λουλούδια (σπόροι),ΚΗΠΟΣ
κρέμα,ΓΑΛΑΚΤΟΚΟΜΙΚΑ
συμπυκνωμένο γάλα,ΓΑΛΑΚΤΟΚΟΜΙΚΑ
ξινόγαλο,ΓΑΛΑΚΤΟΚΟΜΙΚΑ
γάλα μακράς διάρκειας,ΓΑΛΑΚΤΟΚΟΜΙΚΑ
τυρόγαλο,ΓΑΛΑΚΤΟΚΟΜΙΚΑ
βούτυρο,ΓΑΛΑΚΤΟΚΟΜΙΚΑ
γιαούρτι,ΓΑΛΑΚΤΟΚΟΜΙΚΑ
γάλα μη αποβουτυρωμένο,ΓΑΛΑΚΤΟΚΟΜΙΚΑ
τυρί ντελικατέσεν,ΤΥΡΟΚΟΜΙΚΑ
τυρί για άλειμμα,ΤΥΡΟΚΟΜΙΚΑ
μεταποιημένο τυρί,ΤΥΡΟΚΟΜΙΚΑ
μαλακό τυρί,ΤΥΡΟΚΟΜΙΚΑ
φέτες τυριού,ΤΥΡΟΚΟΜΙΚΑ
σκληρό τυρί,ΤΥΡΟΚΟΜΙΚΑ
τυρί κρέμα,ΤΥΡΟΚΟΜΙΚΑ
συκώτι,ΚΡΕΑΤΙΚΑ
γαλοπούλα,ΚΡΕΑΤΙΚΑ
προϊόντα σε ρολό,ΚΡΕΑΤΙΚΑ
κρέας,ΚΡΕΑΤΙΚΑ
ζαμπόν,ΚΡΕΑΤΙΚΑ
κρέας για μπέργκερ,ΚΡΕΑΤΙΚΑ
κοτόπουλο,ΚΡΕΑΤΙΚΑ
βοδινό κρέας,ΚΡΕΑΤΙΚΑ
χοιρινό,ΚΡΕΑΤΙΚΑ
λουκάνικο φρανκφούρτης,ΚΡΕΑΤΙΚΑ
λουκάνικο,ΚΡΕΑΤΙΚΑ
ψάρι,ΚΡΕΑΤΙΚΑ
λίπος ντελικατέσεν,ΛΑΔΙΑ
ξύδι,ΛΑΔΙΑ
λάδι,ΛΑΔΙΑ
σκυλοτροφή,ΚΑΤΟΙΚΙΔΙΑ
φροντίδα κατοικίδιου,ΚΑΤΟΙΚΙΔΙΑ
γατοτροφή,ΚΑΤΟΙΚΙΔΙΑ
δημητριακά,ΔΗΜΗΤΡΙΑΚΑ
μπάρα δημητριακών,ΔΗΜΗΤΡΙΑΚΑ
ρύζι,ΖΥΜΑΡΙΚΑ
ζυμαρικά,ΖΥΜΑΡΙΚΑ
ντόπια αυγά,ΑΥΓΑ
εποχιακά προϊόντα,ΤΑΜΕΙΟΥ
τσίχλα,ΤΑΜΕΙΟΥ
εφημερίδες,ΤΑΜΕΙΟΥ
τσάντες αγορών,ΤΑΜΕΙΟΥ